airfoil,camber,camber_pos,thickness,t_over_c,Re,CL_max,alpha_CL_max,CD_min,LD_max,CL_at_LD_max,alpha_at_LD_max,CM_at_zero_lift
naca0010,0,0,10,0.1,1700000.0,1.03046891272187,9.0,0.0045704720985608556,86.90922799543118,0.8608373629154965,7.0,2.4368103088916907e-16
naca0010,0,0,10,0.1,3000000.0,1.042424161737298,9.0,0.004732156255661643,98.94597725588832,0.8537071998228738,7.0,2.2080759578257587e-16
naca0010,0,0,10,0.1,5000000.0,1.0477517300312242,9.0,0.004840662371243419,109.98867845627395,0.8520554631161648,7.0,1.252678361760672e-16
naca0010,0,0,10,0.1,10000000.0,1.054137465062911,9.0,0.0049602311060379855,123.76015164009219,0.8599468455656227,7.0,1.3969848372259634e-16
naca0010,0,0,10,0.1,17000000.0,1.0600704879467109,9.0,0.004985537594692316,132.5524413909679,0.8673454855829517,7.0,-7.139669706654208e-18
naca0012,0,0,12,0.12,1700000.0,1.0800744251269827,9.5,0.005189143508409448,89.70288486693622,0.918077547629952,7.5,6.063400649625184e-17
naca0012,0,0,12,0.12,3000000.0,1.0839027762232731,9.5,0.00517402416616085,101.66033267689471,0.9101445869237493,7.5,9.114260746538452e-17
naca0012,0,0,12,0.12,5000000.0,1.0864489489066727,9.5,0.005133647322202285,112.50266627978088,0.8546670893501038,7.0,4.889751797909625e-17
naca0012,0,0,12,0.12,10000000.0,1.0925098306004972,9.5,0.0051321552012284595,125.21179615283353,0.9268814349229043,7.5,3.4017490930183125e-16
naca0012,0,0,12,0.12,17000000.0,1.0991089451556002,9.5,0.00512808911214522,132.48571591864473,0.9332003428296965,7.5,2.740863092043355e-16
naca0014,0,0,14,0.14,1700000.0,1.1474053942077131,10.0,0.005762950370132487,91.83531108718411,0.9687267033497946,8.0,3.056799917536037e-16
naca0014,0,0,14,0.14,3000000.0,1.1437432487321944,10.0,0.0055639277985052695,104.02228223497137,0.905292321311295,7.5,3.4892336416014746e-16
naca0014,0,0,14,0.14,5000000.0,1.144075553093903,10.0,0.005426369609326169,114.56962405125523,0.9180805119398469,7.5,8.210395756914052e-17
naca0014,0,0,14,0.14,10000000.0,1.1474171932120825,10.0,0.0053182293336186855,126.5986851898396,0.9315310621987082,7.5,1.4565526798490824e-16
naca0014,0,0,14,0.14,17000000.0,1.149279162048143,10.0,0.005280281524127699,133.49200806810302,0.9377474719808488,7.5,2.729041088092757e-16
naca0015,0,0,15,0.15,1700000.0,1.178324353831356,10.5,0.0060211139913063615,92.945528160647,0.9610416069725815,8.0,2.4259023609363162e-17
naca0015,0,0,15,0.15,3000000.0,1.1731339377032268,10.5,0.005746473305874845,105.28130950887576,0.9637928933378562,8.0,2.5730901534310397e-16
naca0015,0,0,15,0.15,5000000.0,1.1724784372438857,10.5,0.005571570534416617,115.6988993452529,0.9783086763104929,8.0,2.2128566340429145e-16
naca0015,0,0,15,0.15,10000000.0,1.1798080858514586,10.0,0.0054159961348839054,127.56831276056973,0.9928592573656305,8.0,2.186630077184102e-16
naca0015,0,0,15,0.15,17000000.0,1.1837522832552059,10.0,0.0053603482522428525,134.5864624943045,0.999821494011356,8.0,3.1614606815213454e-16
naca0016,0,0,16,0.16,1700000.0,1.2125503256893426,10.5,0.006266253196285129,93.69461080559697,0.9537156969181971,8.0,2.0158531506178385e-16
naca0016,0,0,16,0.16,3000000.0,1.2079796594464798,10.5,0.005923563816888177,105.83314235045358,0.963888610299241,8.0,1.3166128203950466e-16
naca0016,0,0,16,0.16,5000000.0,1.2103198447936792,10.5,0.005715366062183675,115.97994111671771,1.037330002384158,8.5,1.7233393531657093e-16
naca0016,0,0,16,0.16,10000000.0,1.2163058195678325,10.5,0.005516183334166345,127.6640091977756,0.9931574026278965,8.0,3.894454203567932e-16
naca0016,0,0,16,0.16,17000000.0,1.2164592368861942,10.5,0.005442680703479033,134.88913268153274,1.0010384435351427,8.0,-7.300068752616462e-17
naca0017,0,0,17,0.17,1700000.0,1.2445066066829473,11.0,0.006499625208562134,94.55750719412612,1.0076439287989656,8.5,3.799106448826217e-16
naca0017,0,0,17,0.17,3000000.0,1.2419452369367594,11.0,0.006096630675296032,106.75346335931322,1.0205140037724494,8.5,9.642622171776804e-17
naca0017,0,0,17,0.17,5000000.0,1.2445536845025023,11.0,0.005857526702259956,116.81569160108155,1.0384226318548275,8.5,3.0193143485933584e-16
naca0017,0,0,17,0.17,10000000.0,1.2475511817937328,11.0,0.0056182754400055735,128.54415687471396,1.0532839060956531,8.5,2.668898631752899e-16
naca0017,0,0,17,0.17,17000000.0,1.2522533572848458,10.5,0.005526909538244838,135.9189353341099,1.0621114173834914,8.5,3.164481209624176e-16
naca0018,0,0,18,0.18,1700000.0,1.2699651562088148,11.5,0.006720502260097683,95.40156322702182,1.0005066108565837,8.5,1.3444122476932847e-16
naca0018,0,0,18,0.18,3000000.0,1.2704914397351117,11.5,0.00626668906981453,107.15829019986622,1.0203642263394406,8.5,1.9411470589463643e-16
naca0018,0,0,18,0.18,5000000.0,1.273957635229126,11.5,0.005998031950869772,116.91129187271376,1.0945837440656523,9.0,3.1468246094205875e-16
naca0018,0,0,18,0.18,10000000.0,1.286734844485781,11.0,0.00572187424929006,128.60221492035058,1.0524167954494417,8.5,2.802120514788786e-16
naca0018,0,0,18,0.18,17000000.0,1.2905911823060976,11.0,0.005612717073026108,136.21925213533842,1.062352212163457,8.5,9.707909229051876e-17
naca1210,1,2,10,0.1,1700000.0,1.1931395780346619,9.5,0.0047154304616175225,101.00126979411034,0.7979037690081999,5.5,-0.018991366567718767
naca1210,1,2,10,0.1,3000000.0,1.2100064022980905,9.5,0.004801396015283602,112.05422715043947,0.9723109463636886,7.0,-0.018673941248653146
naca1210,1,2,10,0.1,5000000.0,1.2200439404966101,9.5,0.004849365675295858,123.01538604315368,0.9694337685655022,7.0,-0.01873721914469478
naca1210,1,2,10,0.1,10000000.0,1.226617260936382,9.5,0.004885695349798502,137.7830483724251,0.9714268996964611,7.0,-0.018972164377833806
naca1210,1,2,10,0.1,17000000.0,1.229248940507112,9.5,0.004886312664411461,148.34036088511013,1.0378566478526163,7.5,-0.018946866954823505
naca1212,1,2,12,0.12,1700000.0,1.2420790992891535,10.0,0.00527886136643026,105.60619975706477,0.9202391404838477,6.5,-0.018539907546900287
naca1212,1,2,12,0.12,3000000.0,1.2522259350566936,10.0,0.005238046259059617,115.42131067869757,0.9710286857247089,7.0,-0.01814257454662643
naca1212,1,2,12,0.12,5000000.0,1.2577281608778113,10.0,0.00518982332438151,126.284762801729,1.030850006102827,7.5,-0.018278915388518932
naca1212,1,2,12,0.12,10000000.0,1.2622134239487142,10.0,0.005117006157788772,140.70518697613267,1.039153129022333,7.5,-0.01873835353645891
naca1212,1,2,12,0.12,17000000.0,1.2657294899878526,10.0,0.005084224441153622,149.84477827133185,1.0478536022120535,7.5,-0.018713228832630782
naca1214,1,2,14,0.14,1700000.0,1.3046545825447278,10.5,0.005801693625041628,108.59626660466665,0.975652180076897,7.0,-0.017964732835406387
naca1214,1,2,14,0.14,3000000.0,1.3088828529110925,10.5,0.005613076704611926,119.06125347867048,0.9673564549572096,7.0,-0.017631845701545527
naca1214,1,2,14,0.14,5000000.0,1.3095051806930647,10.5,0.005487742328082797,128.5131551535821,1.0323071046746546,7.5,-0.017688407398789678
naca1214,1,2,14,0.14,10000000.0,1.308878329991885,10.5,0.00533653749630572,141.6294332513526,1.1059011679867221,8.0,-0.018391251749165245
naca1214,1,2,14,0.14,17000000.0,1.3082882546477208,10.5,0.005276524416924327,149.93519912424676,1.11487902442728,8.0,-0.01832039346682221
naca1215,1,2,15,0.15,1700000.0,1.3310548587207296,10.5,0.006035119955368519,109.53064599521684,1.033187710538075,7.5,-0.017653466398864035
naca1215,1,2,15,0.15,3000000.0,1.3361719162931744,10.5,0.005782411402717365,120.47883280669086,1.0265971059778765,7.5,-0.017368498277809855
naca1215,1,2,15,0.15,5000000.0,1.3367256717735563,10.5,0.0056309142470506645,129.43192531469964,1.0927223843629088,8.0,-0.01738514650364219
naca1215,1,2,15,0.15,10000000.0,1.3394074619934102,10.5,0.005449681401445111,141.8195672406237,1.1094001976205339,8.0,-0.01817228984865535
naca1215,1,2,15,0.15,17000000.0,1.3417627701865944,10.5,0.005373445895394756,149.58957697973136,1.1173282157610167,8.0,-0.01809770442268908
naca1216,1,2,16,0.16,1700000.0,1.3716490595744315,11.0,0.006261451944786378,109.80208135187513,1.0882313727256232,8.0,-0.017085556759679012
naca1216,1,2,16,0.16,3000000.0,1.381492004973177,11.0,0.005940993260925024,122.23336313234522,1.0841012114300976,8.0,-0.016836612386810678
naca1216,1,2,16,0.16,5000000.0,1.3839868637035062,11.0,0.005740029476395877,132.43133683915474,1.0948011851436112,8.0,-0.01680378276742628
naca1216,1,2,16,0.16,10000000.0,1.3850774572222573,11.0,0.005534497970633971,145.06142956045213,1.1700657470187341,8.5,-0.01754795857769284
naca1216,1,2,16,0.16,17000000.0,1.3833679915970551,11.0,0.005457152651828462,152.74005063753765,1.1791822738676352,8.5,-0.017488221451604703
naca1217,1,2,17,0.17,1700000.0,1.3935718282497975,11.5,0.0064786739022209315,109.48619462816681,1.1414405301886839,8.5,-0.016739268411705362
naca1217,1,2,17,0.17,3000000.0,1.4061462569298684,11.5,0.006108336902802661,122.50948715250604,1.082148278246953,8.0,-0.01653393790715242
naca1217,1,2,17,0.17,5000000.0,1.410559480654625,11.5,0.005878947717579329,132.9084594554718,1.1530536260738409,8.5,-0.016504847231233563
naca1217,1,2,17,0.17,10000000.0,1.4110857164684787,11.5,0.005639816048068953,144.93813127543635,1.1718205870250225,8.5,-0.017237316425432078
naca1217,1,2,17,0.17,17000000.0,1.4161922435522871,11.0,0.005547665260144218,152.473741747305,1.1805828250013106,8.5,-0.017234969207285206
naca1218,1,2,18,0.18,1700000.0,1.406965456470351,12.0,0.006692076640643909,108.70370138678182,1.1296004306067566,8.5,-0.01638975859328552
naca1218,1,2,18,0.18,3000000.0,1.4223441615598178,12.0,0.006274461859596164,122.53853694207493,1.1362323985710758,8.5,-0.01622096250097535
naca1218,1,2,18,0.18,5000000.0,1.4297635926358683,11.5,0.006018020652607181,132.97728159213548,1.1541735004578295,8.5,-0.016205478011465973
naca1218,1,2,18,0.18,10000000.0,1.4419115217105791,11.5,0.005747568508261621,144.52962579283206,1.2298930417130294,9.0,-0.01690581219700766
naca1218,1,2,18,0.18,17000000.0,1.4471458766056582,11.5,0.0056403111084611665,152.2159015681129,1.2402638642004329,9.0,-0.016969216562971328
naca1410,1,4,10,0.1,1700000.0,1.153585840250404,9.0,0.004601365552634891,97.03824615314728,0.9250323590652719,6.5,-0.029306076148534574
naca1410,1,4,10,0.1,3000000.0,1.169221201401217,9.0,0.004674787361076412,109.42141894469927,0.925178991035071,6.5,-0.028842527826990597
naca1410,1,4,10,0.1,5000000.0,1.179147458774472,9.5,0.004855821903961168,121.11213135770937,0.9836454858750855,7.0,-0.028611021328771975
naca1410,1,4,10,0.1,10000000.0,1.1873357811818988,9.5,0.00497275672986377,136.86571422350883,0.9864913032739235,7.0,-0.028581599931486863
naca1410,1,4,10,0.1,17000000.0,1.1914527297855577,9.0,0.004951132941256737,147.7832060781987,0.994655643113549,7.0,-0.02889379236169086
naca1412,1,4,12,0.12,1700000.0,1.2162676656518243,9.5,0.005216341004030172,101.00247382539574,0.9894677119423712,7.0,-0.028879427975889514
naca1412,1,4,12,0.12,3000000.0,1.2282707998719598,9.5,0.005137489854664995,113.03966174495739,0.9838884250008308,7.0,-0.028451716663744454
naca1412,1,4,12,0.12,5000000.0,1.233758217431379,9.5,0.005163268124483789,124.5574156824975,0.9822923400726081,7.0,-0.02832527836901267
naca1412,1,4,12,0.12,10000000.0,1.238280593221214,9.5,0.00514583170601493,139.22916782595883,0.9926555555719968,7.0,-0.028363666957986654
naca1412,1,4,12,0.12,17000000.0,1.2436511307356604,9.5,0.005094042272021933,147.90824591390586,1.0604543655212488,7.5,-0.02855827799298768
naca1414,1,4,14,0.14,1700000.0,1.2808239275214288,10.0,0.005755111845507511,102.73994347338694,1.0467018457360346,7.5,-0.0285587214967789
naca1414,1,4,14,0.14,3000000.0,1.2895394875729986,10.0,0.005571030500479366,114.7749886637367,1.0386300720344424,7.5,-0.02812996395719229
naca1414,1,4,14,0.14,5000000.0,1.2915824948351486,10.0,0.005456648157623322,126.22638260773188,1.042196526667708,7.5,-0.028116271786641056
naca1414,1,4,14,0.14,10000000.0,1.2929283706438601,10.0,0.00533675382084343,140.30559675959506,1.0587533865863181,7.5,-0.02832811899514813
naca1414,1,4,14,0.14,17000000.0,1.2956489004592007,10.0,0.005256187446322933,148.20282240802595,1.1270975498844833,8.0,-0.02842641604904179
naca1415,1,4,15,0.15,1700000.0,1.3148704929215513,10.5,0.006005973340210336,103.58069298428836,0.978902427047144,7.0,-0.02836260508122915
naca1415,1,4,15,0.15,3000000.0,1.3227002944969326,10.5,0.0057706270036616955,115.36078239031566,1.095789428542579,8.0,-0.027951078850981383
naca1415,1,4,15,0.15,5000000.0,1.3243904316158155,10.5,0.005601671771785129,126.83699651376828,1.1013847616339774,8.0,-0.027981082866549115
naca1415,1,4,15,0.15,10000000.0,1.323533887851852,10.5,0.005435551948380471,140.73950205858924,1.1200010103730798,8.0,-0.0282819346696027
naca1415,1,4,15,0.15,17000000.0,1.322366904028278,10.0,0.005341893209732967,148.67742814838812,1.1295203943433973,8.0,-0.02835078522464474
naca1416,1,4,16,0.16,1700000.0,1.3417294672584548,11.0,0.00625571013594551,104.7984905922303,0.9719795385498543,7.0,-0.0281458348034853
naca1416,1,4,16,0.16,3000000.0,1.3494938318328016,11.0,0.005955606185968157,115.94467523703348,1.0909309076715044,8.0,-0.027763980570001182
naca1416,1,4,16,0.16,5000000.0,1.3509949973283437,11.0,0.005745114314044583,126.99803294115632,1.1022440656267816,8.0,-0.02783121952122668
naca1416,1,4,16,0.16,10000000.0,1.3560246564018643,10.5,0.005535892921489561,140.29014209405437,1.1219032588918205,8.0,-0.028215565340926712
naca1416,1,4,16,0.16,17000000.0,1.360382675595172,10.5,0.005429812408036284,148.12376845687072,1.1309736432195778,8.0,-0.028265985279190983
naca1417,1,4,17,0.17,1700000.0,1.3617746282268752,11.0,0.006501256321003611,105.59647110688402,1.0260594501549727,7.5,-0.02791004278364425
naca1417,1,4,17,0.17,3000000.0,1.3766931784013259,11.0,0.006129735329307178,116.46996025441523,1.087261934640906,8.0,-0.027567440866549213
naca1417,1,4,17,0.17,5000000.0,1.382908818173607,11.0,0.005885030690124188,127.04700659067773,1.1585817218024335,8.5,-0.02766810103509355
naca1417,1,4,17,0.17,10000000.0,1.3896219818839455,11.0,0.005637363735025663,140.31807136960072,1.1809312227338442,8.5,-0.028127613966917098
naca1417,1,4,17,0.17,17000000.0,1.391762431398461,11.0,0.005519305633113406,148.37712167013962,1.1913666356432133,8.5,-0.028169392429057003
naca1418,1,4,18,0.18,1700000.0,1.3810660196229938,11.5,0.006740754224930546,105.87535474370682,1.0175963035914881,7.5,-0.027654365785395953
naca1418,1,4,18,0.18,3000000.0,1.3996945321344336,11.5,0.0063002012898668944,117.02808431597944,1.0851877119727116,8.0,-0.027358129052735863
naca1418,1,4,18,0.18,5000000.0,1.408627766896334,11.5,0.006020831156557238,126.87031992955121,1.157978467841068,8.5,-0.02749129741584205
naca1418,1,4,18,0.18,10000000.0,1.4167239149218622,11.5,0.005739708867798825,139.49489742407434,1.1798103637354995,8.5,-0.028016138727863446
naca1418,1,4,18,0.18,17000000.0,1.4249846928305199,11.0,0.005609819599915686,147.77247643856984,1.1910390591518494,8.5,-0.028058235250850716
naca1610,1,6,10,0.1,1700000.0,1.1547510671401089,9.0,0.004574339371980092,97.25133970150141,0.9422901967762104,6.5,-0.04183231834063921
naca1610,1,6,10,0.1,3000000.0,1.1708411609619533,9.0,0.004560148532001732,110.12404450705708,0.947925455800257,6.5,-0.040757307755586336
naca1610,1,6,10,0.1,5000000.0,1.1822329258304083,9.0,0.004722952649624682,121.77045683766684,0.9470518710853673,6.5,-0.040409511920914055
naca1610,1,6,10,0.1,10000000.0,1.1919843802225407,9.0,0.004914251516902491,136.1642762817148,0.9542186236522339,6.5,-0.04025769041097284
naca1610,1,6,10,0.1,17000000.0,1.197492453204276,9.0,0.004947166561259296,144.381670653259,1.0224939501471955,7.0,-0.04052081355086589
naca1612,1,6,12,0.12,1700000.0,1.202267985180927,9.5,0.005096455719500872,99.65722087867722,1.0074452037038335,7.0,-0.04124783756230311
naca1612,1,6,12,0.12,3000000.0,1.2124813342743503,9.5,0.004985305109678772,112.12930025963207,1.0072161940582096,7.0,-0.040522601394312636
naca1612,1,6,12,0.12,5000000.0,1.2191844219613515,9.5,0.0050751127138400545,123.48156818676844,1.0073443097283847,7.0,-0.04022431871713112
naca1612,1,6,12,0.12,10000000.0,1.224926896015882,9.5,0.005120680285791511,136.7256012884952,1.0215619485777674,7.0,-0.04022904540738477
naca1612,1,6,12,0.12,17000000.0,1.2306962363986291,9.5,0.005105746109861169,143.08177444204352,1.0293535473137858,7.0,-0.04041605942145805
naca1614,1,6,14,0.14,1700000.0,1.2646347990047286,10.0,0.005576102959208692,101.13747756682393,1.0644216131635722,7.5,-0.04082749307483703
naca1614,1,6,14,0.14,3000000.0,1.271864884335665,10.0,0.005408791587397981,113.34848762374169,1.0606305277853296,7.5,-0.04009930306292913
naca1614,1,6,14,0.14,5000000.0,1.27514617946712,10.0,0.005387939335071079,124.2657985251708,1.0674226337395418,7.5,-0.0398917453233098
naca1614,1,6,14,0.14,10000000.0,1.2765313517236012,10.0,0.005319783471615531,136.23770287097818,1.0858721193175438,7.5,-0.04011749317578016
naca1614,1,6,14,0.14,17000000.0,1.2848661901874896,9.5,0.0052741201145738974,142.93456078560084,1.0938129427723178,7.5,-0.040269191920264104
naca1615,1,6,15,0.15,1700000.0,1.2910347617467393,10.5,0.00581855364389189,102.12898464295455,0.9965927086479553,7.0,-0.04056691333156487
naca1615,1,6,15,0.15,3000000.0,1.3024434454086613,10.0,0.005607589349968501,113.75522658573723,1.0558858200345176,7.5,-0.039837678552269634
naca1615,1,6,15,0.15,5000000.0,1.3066669408674068,10.0,0.005532467429370095,124.11353813186741,1.0694079434254276,7.5,-0.03969010997224139
naca1615,1,6,15,0.15,10000000.0,1.3124329565691775,10.0,0.005420284383692113,135.65683921193704,1.145935012566522,8.0,-0.040022071703722205
naca1615,1,6,15,0.15,17000000.0,1.318140098570466,10.0,0.005360869331795293,142.4962937907086,1.0950937394800704,7.5,-0.04017445779567022
naca1616,1,6,16,0.16,1700000.0,1.3324449307056974,10.5,0.006065607824315052,103.62217803791575,1.050641636388931,7.5,-0.0400645084524
naca1616,1,6,16,0.16,3000000.0,1.3480763209926492,10.5,0.0058327313611399685,115.83133164106538,1.1113910650741425,8.0,-0.03933385487740044
naca1616,1,6,16,0.16,5000000.0,1.3540409575650543,10.5,0.005696888100245002,126.66914114987743,1.1263493045241866,8.0,-0.03919254416610508
naca1616,1,6,16,0.16,10000000.0,1.3584986485363086,10.5,0.005519848914384018,138.29417858945155,1.1462695787514263,8.0,-0.039563774464367325
naca1616,1,6,16,0.16,17000000.0,1.360947277979579,10.5,0.005428026545306807,145.74056865751933,1.1556797215955867,8.0,-0.03970453034048886
naca1617,1,6,17,0.17,1700000.0,1.3574322074191512,11.0,0.006302303941523588,104.02563760913196,1.040068181419861,7.5,-0.039692514523977436
naca1617,1,6,17,0.17,3000000.0,1.3753431815161035,11.0,0.006026156206941167,115.6928612138585,1.1066444903310158,8.0,-0.039010432158339305
naca1617,1,6,17,0.17,5000000.0,1.3829068033178007,11.0,0.005837407048938701,126.2972497007699,1.180916865241388,8.5,-0.038937925126221254
naca1617,1,6,17,0.17,10000000.0,1.3874123864897328,11.0,0.005623239345188621,138.1407462253951,1.2039368639999672,8.5,-0.03939661374306475
naca1617,1,6,17,0.17,17000000.0,1.3962977877460954,10.5,0.005517544727488489,145.77970295578208,1.214972620821112,8.5,-0.039547590417043296
naca1618,1,6,18,0.18,1700000.0,1.3761772929856235,11.5,0.006543134914784994,104.00958726867496,1.0304242618735318,7.5,-0.039269347455902416
naca1618,1,6,18,0.18,3000000.0,1.3965171327798178,11.5,0.006218179987314463,115.2593415807664,1.1034252847068362,8.0,-0.0386619881947178
naca1618,1,6,18,0.18,5000000.0,1.4059887154605062,11.5,0.005975971860339559,125.57421363484846,1.1786486765959336,8.5,-0.0386617684013474
naca1618,1,6,18,0.18,10000000.0,1.4196237165871708,11.0,0.005727117325446879,137.5069891766999,1.201213731466595,8.5,-0.03919963019039697
naca1618,1,6,18,0.18,17000000.0,1.4304684449438203,11.0,0.005608177475388249,145.98794970659745,1.2135031821223161,8.5,-0.03936536471347117
naca2210,2,2,10,0.1,1700000.0,1.366114776950843,10.5,0.005129943176809397,124.39579149069644,0.9719249604067428,6.0,-0.037900631288340314
naca2210,2,2,10,0.1,3000000.0,1.382476427004158,10.5,0.00501474221364479,135.92861918661882,0.9741068443574664,6.0,-0.03731420768561855
naca2210,2,2,10,0.1,5000000.0,1.3929909639866087,10.5,0.00494134089392271,145.62062515728533,0.9085838476528771,5.5,-0.0372010422252667
naca2210,2,2,10,0.1,10000000.0,1.398043264690176,10.0,0.004917789692085073,154.9388668932925,0.8491678416977776,5.0,-0.03740460238428514
naca2210,2,2,10,0.1,17000000.0,1.4006032501598444,10.0,0.0048855017396949975,160.05733553425688,1.1488796792198857,7.5,-0.03754508119190473
naca2212,2,2,12,0.12,1700000.0,1.4049077298954638,10.5,0.005592531951717145,125.85927001147583,1.1001421213312048,7.0,-0.03767909054735333
naca2212,2,2,12,0.12,3000000.0,1.4169797680838974,10.5,0.005440505503547245,138.13063240657448,1.0367638895614264,6.5,-0.036882755717664424
naca2212,2,2,12,0.12,5000000.0,1.4267232644251153,10.5,0.005328905279807479,148.67392316631435,1.033163451248924,6.5,-0.036679845559035196
naca2212,2,2,12,0.12,10000000.0,1.4344591041400478,10.5,0.005215824342631222,158.97178410718644,0.9784171880122279,6.0,-0.03686341542950913
naca2212,2,2,12,0.12,17000000.0,1.436673739084892,10.5,0.005115615060071031,164.33485059731336,1.1025237157989005,7.0,-0.03688175950573519
naca2214,2,2,14,0.14,1700000.0,1.4693072278636508,11.0,0.005989458056851646,125.07205809018747,1.2201834673932386,8.0,-0.03670072635767358
naca2214,2,2,14,0.14,3000000.0,1.4824392991800261,11.0,0.0058037611961661035,138.67786807994014,1.2190290570767852,8.0,-0.036254232987099934
naca2214,2,2,14,0.14,5000000.0,1.4895488971344388,11.0,0.005617740288323121,150.722247623015,1.1551625087721715,7.5,-0.036004374094075045
naca2214,2,2,14,0.14,10000000.0,1.4914414368763997,11.0,0.005417047828909308,162.91700791016584,1.1054787450125927,7.0,-0.03610115179664243
naca2214,2,2,14,0.14,17000000.0,1.4903815474853837,11.0,0.005319411819625605,168.94532084823007,1.172151560409285,7.5,-0.03597269580689162
naca2215,2,2,15,0.15,1700000.0,1.4925891627378263,11.5,0.006185127534380973,123.80500792245066,1.2771281798494363,8.5,-0.03582180385623665
naca2215,2,2,15,0.15,3000000.0,1.50502613466479,11.5,0.005957403739685165,138.29576665843575,1.2155178809609173,8.0,-0.03576214805894315
naca2215,2,2,15,0.15,5000000.0,1.5117931983797266,11.0,0.00575063576065264,150.69483120400002,1.215087393090538,8.0,-0.035668917504907846
naca2215,2,2,15,0.15,10000000.0,1.5147961603779647,11.0,0.005537164367188476,163.43656500035414,1.1685580843765542,7.5,-0.03579578102461953
naca2215,2,2,15,0.15,17000000.0,1.5145034693902386,11.0,0.005425158730909622,169.40928367818353,1.235416228490894,8.0,-0.03560597760611811
naca2216,2,2,16,0.16,1700000.0,1.5071407900992626,11.5,0.006359235579741943,122.39930488626425,1.27453887456567,8.5,-0.03489266955894661
naca2216,2,2,16,0.16,3000000.0,1.5276281742505315,11.5,0.006099571268069194,137.25397078864606,1.2717577594956941,8.5,-0.03509947213712431
naca2216,2,2,16,0.16,5000000.0,1.5376253253951826,11.5,0.0058872873984801505,150.4308158423579,1.2141480902145796,8.0,-0.03520779263666567
naca2216,2,2,16,0.16,10000000.0,1.5402409877180632,11.5,0.00565493163601531,163.49923199513734,1.2306015079225285,8.0,-0.03545230858378407
naca2216,2,2,16,0.16,17000000.0,1.5369091071468346,11.5,0.005534515265928605,169.00222585825526,1.2391572325325577,8.0,-0.03523625010041917
naca2217,2,2,17,0.17,1700000.0,1.519193192765713,12.0,0.006544858779747718,120.29082916630949,1.266765850856326,8.5,-0.03405117190878192
naca2217,2,2,17,0.17,3000000.0,1.5412704499819683,12.0,0.006238845559685892,135.97828568156578,1.2641927179795036,8.5,-0.03430544382944133
naca2217,2,2,17,0.17,5000000.0,1.5523619806952071,12.0,0.006022529054745301,149.6062560566914,1.2712366076219153,8.5,-0.034647463565234855
naca2217,2,2,17,0.17,10000000.0,1.560322009171876,11.5,0.005766728946768982,162.95470878570197,1.2907615022484515,8.5,-0.035030212090305234
naca2217,2,2,17,0.17,17000000.0,1.5640910300885322,11.5,0.00564617324219424,168.61470835957294,1.3003600108262436,8.5,-0.03484530000461051
naca2218,2,2,18,0.18,1700000.0,1.5253231278396238,12.0,0.006715011145964137,117.72516038155892,1.3116119156308783,9.0,-0.03329026813771095
naca2218,2,2,18,0.18,3000000.0,1.5530544730284639,12.0,0.00637973924243945,134.06669554802133,1.2546343267083386,8.5,-0.03344732281767838
naca2218,2,2,18,0.18,5000000.0,1.5683983070552125,12.0,0.00614786893815394,148.13432486646184,1.269029553747123,8.5,-0.03399580325786155
naca2218,2,2,18,0.18,10000000.0,1.579188813774765,12.0,0.005883576567400461,162.15188140928407,1.2925234722524503,8.5,-0.034520010152276605
naca2218,2,2,18,0.18,17000000.0,1.5821374166715114,12.0,0.005748958790411729,167.74210664449276,1.3016472453573809,8.5,-0.03440749057594336
naca2410,2,4,10,0.1,1700000.0,1.2999890872115063,9.5,0.00468071238468862,116.85906821037278,0.6992515599845726,3.5,-0.057934472811790906
naca2410,2,4,10,0.1,3000000.0,1.317013429748431,9.5,0.0046553574830264085,123.00983874996102,0.6889157110129311,3.5,-0.057292200878403414
naca2410,2,4,10,0.1,5000000.0,1.3300029791635277,9.5,0.0048492888198053054,131.26067460526633,1.0513101129121667,6.5,-0.05703859781334251
naca2410,2,4,10,0.1,10000000.0,1.3415981374843282,9.5,0.004982830095186305,147.44119734385237,1.0526417235092853,6.5,-0.05683842909863889
naca2410,2,4,10,0.1,17000000.0,1.3455019322979083,9.5,0.004912125247057126,159.61081785384505,1.1178589935741605,7.0,-0.05687477598110046
naca2412,2,4,12,0.12,1700000.0,1.3445426208107036,10.0,0.005253169063002897,118.16329934538109,0.8234307484112255,4.5,-0.057712247901724106
naca2412,2,4,12,0.12,3000000.0,1.356039094859538,10.0,0.005136232276397296,126.19924999159919,0.8115332249955426,4.5,-0.05710181740364022
naca2412,2,4,12,0.12,5000000.0,1.365013039594202,10.0,0.005219628321713761,133.23917510247418,1.1138602175380672,7.0,-0.056770245827124415
naca2412,2,4,12,0.12,10000000.0,1.3720597364812785,10.0,0.005180935996228103,149.3475477590151,1.1183135288437696,7.0,-0.056684376259064195
naca2412,2,4,12,0.12,17000000.0,1.3762834045660675,9.5,0.005073013525557213,160.0086235961416,1.1286067068709658,7.0,-0.056713918970322116
naca2414,2,4,14,0.14,1700000.0,1.3995998820955706,10.5,0.005793319612177272,119.39707119658246,0.9434188434859269,5.5,-0.05727340348069537
naca2414,2,4,14,0.14,3000000.0,1.4111929179671647,10.5,0.005597647717748018,128.69077090999437,0.9324408848997585,5.5,-0.056757488421083205
naca2414,2,4,14,0.14,5000000.0,1.4185912343847433,10.0,0.0055349107016682475,134.23907642558635,0.9380111126538636,5.5,-0.05639802439684377
naca2414,2,4,14,0.14,10000000.0,1.4253981622525569,10.0,0.005381710458565493,149.4214718674599,1.1831474069789454,7.5,-0.05637990819193868
naca2414,2,4,14,0.14,17000000.0,1.4288640995498247,10.0,0.005249396271366725,159.03685339834598,1.195749044820092,7.5,-0.05646708949593863
naca2415,2,4,15,0.15,1700000.0,1.4204013257975734,11.0,0.006055949033093922,119.71528902410569,1.001472990567582,6.0,-0.05692724968946713
naca2415,2,4,15,0.15,3000000.0,1.4381967496916583,10.5,0.005823555560722054,129.60566670040959,0.991901701950325,6.0,-0.05651956476050888
naca2415,2,4,15,0.15,5000000.0,1.449493794604112,10.5,0.005676316520203442,135.6257823609703,0.999556140082024,6.0,-0.0562055090877022
naca2415,2,4,15,0.15,10000000.0,1.4557145133040164,10.5,0.005481931138805244,148.79382830243472,1.2432628526258849,8.0,-0.05618156314937156
naca2415,2,4,15,0.15,17000000.0,1.4569026928205593,10.5,0.005341067491958797,158.31250112518939,1.2572417718463276,8.0,-0.05629545511906451
naca2416,2,4,16,0.16,1700000.0,1.4531486276240195,11.5,0.006334815839702526,119.56725566615972,0.994333640708576,6.0,-0.05631874826269788
naca2416,2,4,16,0.16,3000000.0,1.476269840117406,11.0,0.006039819204406741,129.80611386202827,0.9912304125317933,6.0,-0.055976699730072826
naca2416,2,4,16,0.16,5000000.0,1.4909248705687257,11.0,0.0058298620538391795,136.80546349528757,1.0579785894457872,6.5,-0.055675421463865886
naca2416,2,4,16,0.16,10000000.0,1.4981886868878256,11.0,0.00557900260771769,151.0433393631207,1.2457512689102541,8.0,-0.055543990566473335
naca2416,2,4,16,0.16,17000000.0,1.4969183671718722,11.0,0.005413431934642292,159.9619685826405,1.317114929953531,8.5,-0.05567329962036928
naca2417,2,4,17,0.17,1700000.0,1.4678050578604862,11.5,0.006584343722442208,119.2314779934417,1.0484991900214953,6.5,-0.05583104063876484
naca2417,2,4,17,0.17,3000000.0,1.4951073823888539,11.5,0.006229942787709875,130.11558322839562,1.0481206245498964,6.5,-0.05561220257170252
naca2417,2,4,17,0.17,5000000.0,1.511016935500883,11.5,0.005962895670624672,137.40616547480076,1.1158025279554236,7.0,-0.05541260664523298
naca2417,2,4,17,0.17,10000000.0,1.5217303311800814,11.0,0.005680621827517356,150.10881734190315,1.301919232019721,8.5,-0.055283092851127855
naca2417,2,4,17,0.17,17000000.0,1.5296086097335535,11.0,0.005506696849301797,159.18301089459277,1.3177034980364632,8.5,-0.05538116738485558
naca2418,2,4,18,0.18,1700000.0,1.4803427685601591,12.0,0.006831822331685975,118.45354537846663,1.0383417643033908,6.5,-0.055291614015044635
naca2418,2,4,18,0.18,3000000.0,1.5088350382246527,12.0,0.006402149817157484,129.7946841175974,1.1015344255429238,7.0,-0.05519757804651531
naca2418,2,4,18,0.18,5000000.0,1.5274590361819962,11.5,0.006093876119135255,137.61339979260555,1.1175632889983902,7.0,-0.055118140255244155
naca2418,2,4,18,0.18,10000000.0,1.5458361418805346,11.5,0.005781895780663362,148.70621362052157,1.3002791268934517,8.5,-0.055017251828500244
naca2418,2,4,18,0.18,17000000.0,1.5544725540382525,11.5,0.005600626997211678,157.32099663078347,1.3157442171808202,8.5,-0.05507429005555345
naca2610,2,6,10,0.1,1700000.0,1.297165704010906,9.0,0.004589506103582498,108.79919744102541,0.7326502204331433,3.5,-0.08352935374310175
naca2610,2,6,10,0.1,3000000.0,1.313471658340749,9.0,0.004396288458800918,119.58954213577141,1.030594672699492,6.0,-0.08154129657775111
naca2610,2,6,10,0.1,5000000.0,1.3261266844435409,9.0,0.0044488326183682435,131.21471187398012,1.0944565113131004,6.5,-0.0811171763682799
naca2610,2,6,10,0.1,10000000.0,1.3395069065588021,9.0,0.004687831186807673,145.39857170300832,1.103160883660341,6.5,-0.08066288810421392
naca2610,2,6,10,0.1,17000000.0,1.345760193206306,9.0,0.004815830530225685,152.34634111267474,1.1721323145458085,7.0,-0.08032073863906695
naca2612,2,6,12,0.12,1700000.0,1.3397719663330352,9.5,0.005003176441243607,111.55580157995446,0.8523717744426224,4.5,-0.08257521195342783
naca2612,2,6,12,0.12,3000000.0,1.3518694859045959,9.5,0.004786658662576518,121.70570850357086,1.09304820222888,6.5,-0.08143474690062019
naca2612,2,6,12,0.12,5000000.0,1.3621137427978234,9.5,0.004792268006108414,133.14159300369937,1.1567636264888157,7.0,-0.08097603406720674
naca2612,2,6,12,0.12,10000000.0,1.3729260285080243,9.5,0.004973060542108945,145.80942369061927,1.1706689588694184,7.0,-0.08021949062027142
naca2612,2,6,12,0.12,17000000.0,1.3791983574193394,9.5,0.005043201987578993,151.5921137581824,1.180330084470699,7.0,-0.07998306591959432
naca2614,2,6,14,0.14,1700000.0,1.3900224914902253,10.0,0.0054315307698888544,113.74517964087423,0.9681541383523987,5.5,-0.08177688112670715
naca2614,2,6,14,0.14,3000000.0,1.4042127822216566,10.0,0.00517791889074583,122.54822296481574,1.1477664002757786,7.0,-0.0811593979507317
naca2614,2,6,14,0.14,5000000.0,1.414369645807978,10.0,0.005143566627582925,133.31357989985685,1.2134470508464268,7.5,-0.08050497222747288
naca2614,2,6,14,0.14,10000000.0,1.4211533475455365,10.0,0.005235129912022112,144.5971996767637,1.234235498287345,7.5,-0.07953965649946762
naca2614,2,6,14,0.14,17000000.0,1.429064013152622,9.5,0.005217347774246736,151.69270654627545,1.244273168590517,7.5,-0.07948760819510285
naca2615,2,6,15,0.15,1700000.0,1.4139976640643666,10.5,0.005642038053027121,114.26682679230582,1.0230447282798205,6.0,-0.0813693748624895
naca2615,2,6,15,0.15,3000000.0,1.4264678217075197,10.5,0.005370871328181698,122.58732563381221,1.1427572408149798,7.0,-0.08086097962822575
naca2615,2,6,15,0.15,5000000.0,1.4401714589966288,10.0,0.005313353572837305,132.8233027027261,1.2123057152745056,7.5,-0.0801353081220455
naca2615,2,6,15,0.15,10000000.0,1.4526233244348252,10.0,0.005360901421531499,143.3768178172614,1.2915997936812618,8.0,-0.07917224263488683
naca2615,2,6,15,0.15,17000000.0,1.4608813201035606,10.0,0.00530993952192969,151.73720718345194,1.2449543580288212,7.5,-0.0791688100273682
naca2616,2,6,16,0.16,1700000.0,1.4332709698879338,11.0,0.005867434898800251,114.19859352045773,1.0744559969641063,6.5,-0.0809110733494574
naca2616,2,6,16,0.16,3000000.0,1.450232460390271,10.5,0.00556263624181516,122.5908736140993,1.139321155188489,7.0,-0.08043161608207092
naca2616,2,6,16,0.16,5000000.0,1.4664222116886396,10.5,0.005488426278423235,131.7431798014477,1.2637706224823686,8.0,-0.07967814922745915
naca2616,2,6,16,0.16,10000000.0,1.4787236944740154,10.5,0.005479130385036074,142.59843140124607,1.2902803237506288,8.0,-0.07879810139935257
naca2616,2,6,16,0.16,17000000.0,1.4864090455114976,10.0,0.005403721476831979,151.18592187174232,1.3025682940510421,8.0,-0.0788131806575352
naca2617,2,6,17,0.17,1700000.0,1.4489839813322898,11.5,0.006081924365498793,113.4402111259213,1.0667040473955791,6.5,-0.08037240914076339
naca2617,2,6,17,0.17,3000000.0,1.4711978447763294,11.0,0.005750017332271013,122.36045501914573,1.1377026188082906,7.0,-0.079866072300425
naca2617,2,6,17,0.17,5000000.0,1.4872908936881513,11.0,0.005662785337727523,130.23467476505104,1.2597245883993262,8.0,-0.07913961102834526
naca2617,2,6,17,0.17,10000000.0,1.5010176757384976,10.5,0.005590524803269179,141.17208830960732,1.2859238281051988,8.0,-0.07840979368901103
naca2617,2,6,17,0.17,17000000.0,1.5172502270010573,10.5,0.005497819023936706,150.76296776731323,1.2995256200803715,8.0,-0.07842879403420322
naca2618,2,6,18,0.18,1700000.0,1.4640982802481635,11.5,0.00630488035703182,112.0337555657532,1.1100540228995268,7.0,-0.07972812278943779
naca2618,2,6,18,0.18,3000000.0,1.4887642818728475,11.5,0.005941927836227476,121.43076255533173,1.1822639035142917,7.5,-0.07916453381003553
naca2618,2,6,18,0.18,5000000.0,1.5045974457343576,11.5,0.005831866191772919,128.14026481860114,1.2533217990139869,8.0,-0.0785238338684635
naca2618,2,6,18,0.18,10000000.0,1.525623332884343,11.0,0.005698189515193111,139.31281017611008,1.3323193301662175,8.5,-0.07799455014835716
naca2618,2,6,18,0.18,17000000.0,1.5417753931220308,11.0,0.005593268211173715,149.35362228129028,1.293982589534886,8.0,-0.07801607572267832
naca3210,3,2,10,0.1,1700000.0,1.5377853709795448,11.0,0.005681817029036785,139.13265799199579,1.1894940248890196,7.0,-0.05699517749129141
naca3210,3,2,10,0.1,3000000.0,1.5554010648239454,11.0,0.005368140179131359,155.06753740768494,1.1452042091365364,6.5,-0.05645133855756231
naca3210,3,2,10,0.1,5000000.0,1.566632891974205,11.0,0.005187205891898019,167.67678117430472,1.1504705505407622,6.5,-0.05618498691300946
naca3210,3,2,10,0.1,10000000.0,1.5733303592886307,11.0,0.005042078601565856,183.277812539483,1.088472533344902,6.0,-0.05620921967425809
naca3210,3,2,10,0.1,17000000.0,1.5715884678594885,10.5,0.005047988636993581,191.98000019437504,1.0317644397395136,5.5,-0.056362540256403366
naca3212,3,2,12,0.12,1700000.0,1.5684880662357774,11.0,0.006055789770664416,137.9466287217642,1.2595855621525083,7.5,-0.05604654024216188
naca3212,3,2,12,0.12,3000000.0,1.5798346306031705,11.0,0.005764031889673041,154.44031407500933,1.2734783649648824,7.5,-0.05546734631243079
naca3212,3,2,12,0.12,5000000.0,1.591718479745801,11.0,0.005557022987840813,167.85520337719106,1.2163597979650442,7.0,-0.05520069166498303
naca3212,3,2,12,0.12,10000000.0,1.6053298889216394,11.0,0.005409671993484467,184.56390041924223,1.15564387184425,6.5,-0.05524482566593433
naca3212,3,2,12,0.12,17000000.0,1.6101740168725398,11.0,0.00531165703744651,193.0266589598751,1.162737882170031,6.5,-0.05531872345273622
naca3214,3,2,14,0.14,1700000.0,1.6241394798099247,11.5,0.006459961661737669,134.42861892122087,1.3752097346006111,8.5,-0.05475114561532464
naca3214,3,2,14,0.14,3000000.0,1.6387958096580983,11.5,0.006124059415960306,151.27515765799893,1.3359328514792064,8.0,-0.054174157736279094
naca3214,3,2,14,0.14,5000000.0,1.6476137284397183,11.5,0.0059260143943247095,165.83503034778101,1.3385825741523405,8.0,-0.05390681164103498
naca3214,3,2,14,0.14,10000000.0,1.6553173753861263,11.5,0.005692422684849171,184.11211201837736,1.2817466412863558,7.5,-0.053930003619672685
naca3214,3,2,14,0.14,17000000.0,1.6578120881935747,11.5,0.005514496212312034,193.47568384874012,1.2911522137443143,7.5,-0.05389072159591823
naca3215,3,2,15,0.15,1700000.0,1.638405076231919,12.0,0.006651713488237223,132.3434680681849,1.3773658700815252,8.5,-0.054128904944837304
naca3215,3,2,15,0.15,3000000.0,1.6567558493252645,12.0,0.006325350690562289,149.40140449372743,1.3929749466728185,8.5,-0.053572983321071
naca3215,3,2,15,0.15,5000000.0,1.6657621369908497,11.5,0.006087049939486459,164.2347799634838,1.3364276627846576,8.0,-0.05332539562612664
naca3215,3,2,15,0.15,10000000.0,1.6741885160716237,11.5,0.0058044411716956,183.19786576111295,1.3441865172074399,8.0,-0.05333560984789409
naca3215,3,2,15,0.15,17000000.0,1.6757148723234203,11.5,0.005624862459077751,192.57149185323595,1.2966411238589202,7.5,-0.05323717041407806
naca3216,3,2,16,0.16,1700000.0,1.642968768918301,12.0,0.006799599804311366,129.49895821776775,1.3761446261114834,8.5,-0.053527025671996305
naca3216,3,2,16,0.16,3000000.0,1.668649945943044,12.0,0.006498350021160216,146.87360800255001,1.389129686999364,8.5,-0.05297909644934415
naca3216,3,2,16,0.16,5000000.0,1.6844067292237068,12.0,0.006224752869762697,162.41628664479808,1.3932211218471295,8.5,-0.05274551418213104
naca3216,3,2,16,0.16,10000000.0,1.6924539523352782,12.0,0.0059280140110752055,181.57198200123227,1.4047964126089258,8.5,-0.05273817359424596
naca3216,3,2,16,0.16,17000000.0,1.691208648945255,12.0,0.005735995443936337,191.43389188291397,1.3600153395347019,8.0,-0.052579197119345736
naca3217,3,2,17,0.17,1700000.0,1.654436594608002,12.5,0.006841801105272152,125.8686114048636,1.369099681897941,8.5,-0.05273737126067517
naca3217,3,2,17,0.17,3000000.0,1.6860438370773974,12.5,0.006525543777153861,143.34079321123255,1.3806435894549312,8.5,-0.05215941747171498
naca3217,3,2,17,0.17,5000000.0,1.7086515260288468,12.5,0.0062441133432015765,159.34217561325042,1.3862676950891086,8.5,-0.05190592329941623
naca3217,3,2,17,0.17,10000000.0,1.7223187067663237,12.0,0.00595601553790732,179.43340967047718,1.4033390416050067,8.5,-0.051871494170483395
naca3217,3,2,17,0.17,17000000.0,1.724542185406721,12.0,0.00579410934112752,190.46343291812872,1.4193879973321206,8.5,-0.05164728303214882
naca3218,3,2,18,0.18,1700000.0,1.653383181301604,13.0,0.006944163525985849,121.95301535208694,1.3577460851854795,8.5,-0.0519453411613388
naca3218,3,2,18,0.18,3000000.0,1.6877655618705438,12.5,0.0066429421102708035,139.9291028991716,1.3680916899356672,8.5,-0.05152104236912084
naca3218,3,2,18,0.18,5000000.0,1.7146603669282547,12.5,0.006354040885358481,156.3365111345866,1.377521043101397,8.5,-0.051298688966024304
naca3218,3,2,18,0.18,10000000.0,1.7359626023989037,12.5,0.006073653825813222,176.4285371121893,1.4026550041237715,8.5,-0.05124021405557753
naca3218,3,2,18,0.18,17000000.0,1.738685935029656,12.5,0.005896426197586722,187.61549462013016,1.4201227031873647,8.5,-0.050953713537099425
naca3410,3,4,10,0.1,1700000.0,1.4284984957100706,9.5,0.004834724525529444,141.56038231035149,0.8294897360394397,3.5,-0.08600675911647433
naca3410,3,4,10,0.1,3000000.0,1.4453524365684334,9.5,0.004691264019450384,150.5144563707153,0.8265943838698933,3.5,-0.08560775632919176
naca3410,3,4,10,0.1,5000000.0,1.4583467907784913,9.5,0.004842967688088026,154.40862581272427,0.8217255309178242,3.5,-0.085453546592958
naca3410,3,4,10,0.1,10000000.0,1.4725051508855218,9.5,0.0050163570755791375,156.0063643865255,1.1802373160048192,6.5,-0.08523850569085453
naca3410,3,4,10,0.1,17000000.0,1.479766147586331,9.5,0.0048992681968180124,169.0593141422575,1.1850931663978028,6.5,-0.08520272113376529
naca3412,3,4,12,0.12,1700000.0,1.4808188350210685,10.0,0.005378657813770499,140.47841382783434,0.9575856219755536,4.5,-0.08543294611600541
naca3412,3,4,12,0.12,3000000.0,1.4971640478729151,10.0,0.005180393507722956,150.17081112794227,0.889563119335346,4.0,-0.08514430967933315
naca3412,3,4,12,0.12,5000000.0,1.5101636406037466,10.0,0.005269653253250873,155.04352453593273,0.8877108460595414,4.0,-0.08487321085398442
naca3412,3,4,12,0.12,10000000.0,1.5242079439151142,10.0,0.005214752526387985,158.65034167538,1.1855548114205596,6.5,-0.08461637397977495
naca3412,3,4,12,0.12,17000000.0,1.5311948296576372,10.0,0.005061431990770043,170.18770118141305,1.2523592467134605,7.0,-0.08456551654122454
naca3414,3,4,14,0.14,1700000.0,1.5246281020806076,11.0,0.005905076515522373,138.7192556515425,1.022616417630486,5.0,-0.08475132177116086
naca3414,3,4,14,0.14,3000000.0,1.5412826868601852,10.5,0.005674994199695975,149.25232741242613,1.012626184915559,5.0,-0.08448687554931494
naca3414,3,4,14,0.14,5000000.0,1.5570304536433932,10.5,0.005666446545543457,155.59254192539493,1.012245239958503,5.0,-0.08424503793325983
naca3414,3,4,14,0.14,10000000.0,1.5706971644988421,10.5,0.005415289440061827,158.89212147207598,1.2496416795986258,7.0,-0.08405537764865187
naca3414,3,4,14,0.14,17000000.0,1.5750450610211266,10.5,0.005234234865747526,169.6933733473866,1.3198294513783508,7.5,-0.08400235940792758
naca3415,3,4,15,0.15,1700000.0,1.5397663229346659,11.0,0.006186884510202364,137.63694958171425,1.0820835155177344,5.5,-0.08430261487618268
naca3415,3,4,15,0.15,3000000.0,1.5618708414646754,11.0,0.005915601278551677,148.76589253222346,1.0111200256887214,5.0,-0.08402031749164876
naca3415,3,4,15,0.15,5000000.0,1.5772228458325945,11.0,0.00581341155399412,155.4971223892316,1.0733772579015943,5.5,-0.08385219732319038
naca3415,3,4,15,0.15,10000000.0,1.5911055546112092,10.5,0.005517799681134474,158.56467456422592,1.2528747948077281,7.0,-0.08374409540166218
naca3415,3,4,15,0.15,17000000.0,1.5997308969895492,10.5,0.005326909896445182,168.47534279294334,1.3799341443839888,8.0,-0.08368998773229941
naca3416,3,4,16,0.16,1700000.0,1.554416387189134,11.5,0.006457621683985305,136.05971133629654,1.1383242455627476,6.0,-0.0838034132480652
naca3416,3,4,16,0.16,3000000.0,1.5765261377768138,11.5,0.0061476727402595575,147.94389715892464,1.069748942958048,5.5,-0.08349638816513971
naca3416,3,4,16,0.16,5000000.0,1.593148572301554,11.0,0.005940406385900262,155.09000557714168,1.1329215599006675,6.0,-0.08340242883125332
naca3416,3,4,16,0.16,10000000.0,1.6143217400151444,11.0,0.0056198962475282385,158.14595645980123,1.2015142463974995,6.5,-0.08339927038223888
naca3416,3,4,16,0.16,17000000.0,1.6227802034259249,11.0,0.005417613133634745,166.86779963722037,1.3820507275226839,8.0,-0.08335383349500776
naca3417,3,4,17,0.17,1700000.0,1.5651665882166517,12.0,0.006720809569338671,134.251737435411,1.1298309738618213,6.0,-0.08324566836371385
naca3417,3,4,17,0.17,3000000.0,1.5873556959359318,11.5,0.006371175517848266,146.56477729823368,1.125342505833158,6.0,-0.08293621716242476
naca3417,3,4,17,0.17,5000000.0,1.6098643232218914,11.5,0.00605843731363762,154.52522212278672,1.1366909471744804,6.0,-0.08290693200821876
naca3417,3,4,17,0.17,10000000.0,1.6304889765767896,11.5,0.005720740475188267,157.9356546243365,1.2042969502581073,6.5,-0.08300973985861741
naca3417,3,4,17,0.17,17000000.0,1.6395569259538978,11.0,0.005510998128404844,164.27180180530203,1.4351676840140688,8.5,-0.08298626187754962
naca3418,3,4,18,0.18,1700000.0,1.585135500916913,12.5,0.007016311943663231,132.33990082576653,1.17892698949139,6.5,-0.08236584268006426
naca3418,3,4,18,0.18,3000000.0,1.6139065543456743,12.5,0.006576374038514748,145.21931903059925,1.1213629634385316,6.0,-0.08200626945251317
naca3418,3,4,18,0.18,5000000.0,1.6397798325287043,12.0,0.006212973263549061,152.47069264969613,1.188002281078067,6.5,-0.08193326390767058
naca3418,3,4,18,0.18,10000000.0,1.6647830374306167,12.0,0.00582417642161034,157.1749486137738,1.3102235129463513,7.5,-0.08205613847112857
naca3418,3,4,18,0.18,17000000.0,1.6741833290215262,11.5,0.005587074485505787,164.6477529005258,1.4322282454267816,8.5,-0.0821064387120886
naca3610,3,6,10,0.1,1700000.0,1.4254302470724938,9.0,0.004631179851429481,136.68142017108454,0.7247032005769272,2.0,-0.12336480168459495
naca3610,3,6,10,0.1,3000000.0,1.444397043844016,9.0,0.004304586595498028,127.82433998964287,0.7214615172128309,2.0,-0.12145325741732424
naca3610,3,6,10,0.1,5000000.0,1.4577350292088276,9.0,0.0042470886027545845,138.10465216235815,1.1802029937152811,6.0,-0.12117052051242072
naca3610,3,6,10,0.1,10000000.0,1.4720619646111255,9.0,0.004362074036564743,151.1182375409373,1.2519734877116064,6.5,-0.12131916219837101
naca3610,3,6,10,0.1,17000000.0,1.4802453993750568,9.0,0.004483952300893557,157.74742773625118,1.2625123121363437,6.5,-0.12092550318715631
naca3612,3,6,12,0.12,1700000.0,1.459832608559244,9.5,0.004970958721067759,126.19956560673856,0.8375422602411401,3.0,-0.1224405418392937
naca3612,3,6,12,0.12,3000000.0,1.4758825577532868,9.5,0.004640554054983036,127.86173773948555,1.1169893606649628,5.5,-0.12123442861076612
naca3612,3,6,12,0.12,5000000.0,1.4879920724835187,9.5,0.00455558112869181,138.39080332405084,1.2414662380071144,6.5,-0.12119125876205698
naca3612,3,6,12,0.12,10000000.0,1.501590806364823,9.5,0.004652872274273591,149.6004230430945,1.3169204142008226,7.0,-0.121085273643026
naca3612,3,6,12,0.12,17000000.0,1.5114352104859627,9.0,0.004778243374036081,157.28997736163882,1.2695569820330592,6.5,-0.12023215720330444
naca3614,3,6,14,0.14,1700000.0,1.4949062163394824,10.0,0.005343189909277929,124.35905892939083,1.056510892317454,5.0,-0.12152764917361723
naca3614,3,6,14,0.14,3000000.0,1.513451457462595,10.0,0.004993829048302094,129.02592379859257,1.1222276170534808,5.5,-0.12080982500413606
naca3614,3,6,14,0.14,5000000.0,1.5276597721170464,10.0,0.0048803833603533265,136.19395208640753,1.294575403275152,7.0,-0.12091460775693483
naca3614,3,6,14,0.14,10000000.0,1.5430860016192989,9.5,0.004946958919185288,146.5219865105992,1.373504703820273,7.5,-0.12040870172989826
naca3614,3,6,14,0.14,17000000.0,1.5589148895832905,9.5,0.005073458443681841,156.65426899438745,1.3298872736012097,7.0,-0.11931602682927285
naca3615,3,6,15,0.15,1700000.0,1.5147426513744495,10.5,0.005545687662639271,123.27983525546567,1.1068635261296007,5.5,-0.12111459569767571
naca3615,3,6,15,0.15,3000000.0,1.5308389263349507,10.5,0.005170583656288017,129.03911197427823,1.1239279340700379,5.5,-0.12050431043227974
naca3615,3,6,15,0.15,5000000.0,1.5440390062787512,10.0,0.005046882376265003,134.28980603035015,1.3416482807851302,7.5,-0.1205880861292209
naca3615,3,6,15,0.15,10000000.0,1.5675634624349268,10.0,0.005093414065280664,144.85371978263558,1.3697928508072605,7.5,-0.11987894439488923
naca3615,3,6,15,0.15,17000000.0,1.58270335014511,10.0,0.005212032374630106,155.38719091443704,1.384460305075291,7.5,-0.11880787040463604
naca3616,3,6,16,0.16,1700000.0,1.5450216787590547,11.0,0.00574758625766123,121.04575108290693,1.1501984733344628,6.0,-0.12027077701793927
naca3616,3,6,16,0.16,3000000.0,1.564274752450851,11.0,0.005362746208044302,127.47147147703538,1.1699652709233113,6.0,-0.11978949563136722
naca3616,3,6,16,0.16,5000000.0,1.5784180582508187,10.5,0.005202676536409721,133.55344256347237,1.3846064591181215,8.0,-0.11978385655049335
naca3616,3,6,16,0.16,10000000.0,1.602103420990446,10.5,0.00522142717461034,145.32736057566447,1.364638504017293,7.5,-0.1188899884862627
naca3616,3,6,16,0.16,17000000.0,1.6158186239622518,10.5,0.005312228775029691,156.84263640428222,1.3808011937271765,7.5,-0.11790025026432867
naca3617,3,6,17,0.17,1700000.0,1.5609869092401696,11.5,0.005951399776327905,118.37532153465978,1.1438056284421767,6.0,-0.11976964673190295
naca3617,3,6,17,0.17,3000000.0,1.5798707735910895,11.5,0.005532109243121366,125.98270478853793,1.1646837380452462,6.0,-0.1193096411248663
naca3617,3,6,17,0.17,5000000.0,1.5993551320317,11.0,0.0053640247626073135,132.27839173830992,1.1242674308539933,5.5,-0.11917215366210013
naca3617,3,6,17,0.17,10000000.0,1.621608262611486,11.0,0.005363513034329005,142.834263664844,1.3545750581449487,7.5,-0.11805536365328963
naca3617,3,6,17,0.17,17000000.0,1.6352051896336792,10.5,0.005405563895837696,154.61715336179998,1.373098403342477,7.5,-0.11723547553722237
naca3618,3,6,18,0.18,1700000.0,1.5740265573858154,12.0,0.0061414996672750025,115.27125001802001,1.1810728770366132,6.5,-0.11917591055327631
naca3618,3,6,18,0.18,3000000.0,1.5961929655598945,11.5,0.005711915487143273,123.84357645675837,1.1557354278518563,6.0,-0.11870652798050876
naca3618,3,6,18,0.18,5000000.0,1.6177572528075206,11.5,0.005530269910110671,131.0584267527369,1.1683272860266312,6.0,-0.11842611942738551
naca3618,3,6,18,0.18,10000000.0,1.6388458322838437,11.5,0.005501883926234579,140.27026792341806,1.238552898012994,6.5,-0.1171325605755779
naca3618,3,6,18,0.18,17000000.0,1.6582122925736358,11.0,0.005501352396343894,151.65481688264595,1.4139837887116546,8.0,-0.11650519560007576
naca4210,4,2,10,0.1,1700000.0,1.686001315769652,11.5,0.006633143384709393,148.50770011422756,1.353504431436962,7.5,-0.07609786691741069
naca4210,4,2,10,0.1,3000000.0,-0.39416335125787527,-8.0,0.018388503810253518,-21.435313896396938,-0.39416335125787527,-8.0,
naca4210,4,2,10,0.1,5000000.0,-0.39644410144290815,-8.0,0.017502625425775596,-22.650550520213766,-0.39644410144290815,-8.0,
naca4210,4,2,10,0.1,10000000.0,-0.4011886666112761,-8.0,0.016575637523549458,-24.203513502349246,-0.4011886666112761,-8.0,
naca4210,4,2,10,0.1,17000000.0,-0.40719063102716074,-8.0,0.016131978219147358,-25.24120882731284,-0.40719063102716074,-8.0,
naca4212,4,2,12,0.12,1700000.0,1.7327181155239795,11.5,0.006795069411985314,144.249518469426,1.4140746271863933,8.0,-0.07501081647894219
naca4212,4,2,12,0.12,3000000.0,1.7410614056033857,12.0,0.006249709618686173,164.0164420632792,1.434463816494119,8.0,-0.0742712349912813
naca4212,4,2,12,0.12,5000000.0,1.753892105832573,12.0,0.005926665027753168,179.9390632799434,1.3900369358242224,7.5,-0.07386354292939384
naca4212,4,2,12,0.12,10000000.0,1.7693411506839116,12.0,0.005667097660940828,200.82906961641402,1.3344275630619191,7.0,-0.07375868914511977
naca4212,4,2,12,0.12,17000000.0,1.7796929155671273,11.5,0.005593562058737095,215.26115810264292,1.338045900613779,7.0,-0.07383638798315871
naca4214,4,2,14,0.14,1700000.0,1.772449750370012,12.5,0.006965789155037543,138.38735584649774,1.4674333861004047,8.5,-0.07335633864425088
naca4214,4,2,14,0.14,3000000.0,1.7933507275819183,12.0,0.0065522202133178895,158.5131227407917,1.4941847196232594,8.5,-0.07257258238945628
naca4214,4,2,14,0.14,5000000.0,1.803556190199774,12.0,0.006268654029376326,175.01306631043195,1.5100041434606717,8.5,-0.07215506643801321
naca4214,4,2,14,0.14,10000000.0,1.8093576766668702,12.0,0.006034710719540456,197.12468849266625,1.4600247405402988,8.0,-0.07203887214538318
naca4214,4,2,14,0.14,17000000.0,1.8171459325561894,12.0,0.005849658167694649,211.70128866912103,1.4060122712576821,7.5,-0.07204267576996998
naca4215,4,2,15,0.15,1700000.0,1.7766792561597982,12.5,0.007191731669888813,135.02057973140583,1.4649630201970127,8.5,-0.07250315602340256
naca4215,4,2,15,0.15,3000000.0,1.8044269512360167,12.5,0.006771713661679134,155.23651725642097,1.4941673969820415,8.5,-0.07174063239439564
naca4215,4,2,15,0.15,5000000.0,1.8204770348733388,12.5,0.0064883224819100305,172.20378853256324,1.509248598633758,8.5,-0.0713417954090072
naca4215,4,2,15,0.15,10000000.0,1.8269344551876576,12.0,0.006217056031522698,194.8729122818182,1.4598687549397684,8.0,-0.07120980474459242
naca4215,4,2,15,0.15,17000000.0,1.8290421998324644,12.0,0.005960686003558329,209.9712473186693,1.4700348845815157,8.0,-0.071174097969014
naca4216,4,2,16,0.16,1700000.0,1.7728885485066344,12.5,0.007434455969845763,131.2452000258575,1.4601990912269802,8.5,-0.07161027430453619
naca4216,4,2,16,0.16,3000000.0,1.806238637236155,12.5,0.006986364133969732,151.42099095816508,1.4906260264423754,8.5,-0.0708885039246911
naca4216,4,2,16,0.16,5000000.0,1.8289532482121342,12.5,0.006699449237594261,168.84819364134242,1.5050020871161922,8.5,-0.07051176850883394
naca4216,4,2,16,0.16,10000000.0,1.8423319142175236,12.5,0.006341996329348765,192.09417704101946,1.51836177162534,8.5,-0.07035715402890311
naca4216,4,2,16,0.16,17000000.0,1.841265408804233,12.5,0.006083894906260015,207.20936906573732,1.5319144337195092,8.5,-0.07027510789486184
naca4217,4,2,17,0.17,1700000.0,1.7771284288716929,13.0,0.00750707282506443,127.45164106468113,1.4056433374715036,8.0,-0.07044340516117577
naca4217,4,2,17,0.17,3000000.0,1.8149181282693572,13.0,0.007054802723236993,147.00639107045245,1.482482585769891,8.5,-0.06974738044746445
naca4217,4,2,17,0.17,5000000.0,1.8425801167901112,13.0,0.006746727682994829,164.52368881170418,1.4968316194289786,8.5,-0.06936856501772404
naca4217,4,2,17,0.17,10000000.0,1.86484881487834,13.0,0.0063730249914986875,187.96489225146715,1.5131032481558524,8.5,-0.06919061627430752
naca4217,4,2,17,0.17,17000000.0,1.8676876485272755,12.5,0.0061242079206891495,203.4459542882334,1.5306597076385717,8.5,-0.06905855268333157
naca4218,4,2,18,0.18,1700000.0,1.7712270468089242,13.5,0.0076254153988479,122.77174002069933,1.3943627823874905,8.0,-0.06945960996739245
naca4218,4,2,18,0.18,3000000.0,1.8099333327279181,13.0,0.0071766885414483875,142.31284838701023,1.4158459995573296,8.0,-0.06883519047055796
naca4218,4,2,18,0.18,5000000.0,1.8416582842444253,13.0,0.006851773707681002,160.3817514584492,1.4278718701245254,8.0,-0.06848532508849049
naca4218,4,2,18,0.18,10000000.0,1.872089824455083,13.0,0.006485807477746591,183.84170912602443,1.5076414814682204,8.5,-0.06826725259705142
naca4218,4,2,18,0.18,17000000.0,1.877156129615845,13.0,0.006243384965732281,199.1107094030868,1.5299723838079557,8.5,-0.0680774648576865
naca4410,4,4,10,0.1,1700000.0,1.5703571949068296,10.0,0.005132738025954887,162.10408892242108,1.0077731678004045,4.0,-0.1137240934025629
naca4410,4,4,10,0.1,3000000.0,1.5939162844642853,10.0,0.004882957037485562,175.2499484985284,0.9569667773787423,3.5,-0.11342610088754321
naca4410,4,4,10,0.1,5000000.0,1.6100032510880515,10.0,0.004915218195271903,182.28492977812928,0.9549994132643269,3.5,-0.11338460735269135
naca4410,4,4,10,0.1,10000000.0,1.6240460490445077,10.0,0.005064534950931561,175.86959415646874,1.0137491307425317,4.0,-0.1131656947249476
naca4410,4,4,10,0.1,17000000.0,1.6292707517498333,10.0,0.004905755554902552,176.76773538222494,1.2501172019458544,6.0,-0.113057548814025
naca4412,4,4,12,0.12,1700000.0,1.6010775526084828,10.5,0.0056089107275319365,158.66576388796645,1.0792793383564914,4.5,-0.1131097360551121
naca4412,4,4,12,0.12,3000000.0,1.6208483156328937,10.5,0.005282247162628537,172.39122208371379,1.0260386006215092,4.0,-0.11293171602381769
naca4412,4,4,12,0.12,5000000.0,1.6357885454475416,10.5,0.005321754754980489,180.32332264974087,1.0225837345165047,4.0,-0.11275064273164384
naca4412,4,4,12,0.12,10000000.0,1.6503139810164296,10.0,0.005264031746884395,177.14657448977547,1.0845480210618959,4.5,-0.11249618992997001
naca4412,4,4,12,0.12,17000000.0,1.66220860676304,10.0,0.005075124568180595,177.29855805066236,1.319463937832527,6.5,-0.11243507621865244
naca4414,4,4,14,0.14,1700000.0,1.6405063552454209,11.5,0.006128694637990779,154.91385712164305,1.1469656376959194,5.0,-0.11206294586241196
naca4414,4,4,14,0.14,3000000.0,1.664783398786603,11.0,0.00578673143834249,169.419019364967,1.089523255496019,4.5,-0.11184525581429788
naca4414,4,4,14,0.14,5000000.0,1.6826732446067378,11.0,0.005795693546174416,177.8514743379913,1.0882208033198142,4.5,-0.11161748028833225
naca4414,4,4,14,0.14,10000000.0,1.7007132356327168,11.0,0.005461240410640286,176.8536562659515,1.1534560654634767,5.0,-0.1114286700465604
naca4414,4,4,14,0.14,17000000.0,1.7118439491496167,10.5,0.005242230011245584,178.0048594386948,1.3861191832186732,7.0,-0.111400890774041
naca4415,4,4,15,0.15,1700000.0,1.6554562628645269,11.5,0.0063678361094450416,152.704851775696,1.2052244831603924,5.5,-0.11151429836203997
naca4415,4,4,15,0.15,3000000.0,1.679757712338812,11.5,0.006048767858992448,167.7561360089363,1.1499676286688967,5.0,-0.11126469191071864
naca4415,4,4,15,0.15,5000000.0,1.6961899827723197,11.5,0.005995242578524821,176.45270040277566,1.1494029195548379,5.0,-0.11104177196812433
naca4415,4,4,15,0.15,10000000.0,1.718937404153214,11.0,0.00556180153950744,176.83272684629395,1.2150750971737323,5.5,-0.11091733161861579
naca4415,4,4,15,0.15,17000000.0,1.7323795283363272,11.0,0.005327260300606183,176.55466854143225,1.4445850762405117,7.5,-0.11091414192340193
naca4416,4,4,16,0.16,1700000.0,1.6664380305162547,12.0,0.006655120385526525,149.70424708742104,1.2587414187716213,6.0,-0.11083330918694273
naca4416,4,4,16,0.16,3000000.0,1.6905958770196494,12.0,0.006317242455586621,165.31887249824834,1.2070867327437338,5.5,-0.11059887960331913
naca4416,4,4,16,0.16,5000000.0,1.7109835472866222,11.5,0.006106743915619951,174.31528482935656,1.208055493059585,5.5,-0.11042255099848002
naca4416,4,4,16,0.16,10000000.0,1.734343676041746,11.5,0.005661686396649487,176.10703567445697,1.2745631399211865,6.0,-0.11037671023504507
naca4416,4,4,16,0.16,17000000.0,1.7453867699126242,11.5,0.005413943604702883,174.55377628044968,1.4456270270962688,7.5,-0.1103919831178279
naca4417,4,4,17,0.17,1700000.0,1.6733609991833422,12.5,0.0069439406052536805,146.29659168625338,1.254463117126603,6.0,-0.1100126346424741
naca4417,4,4,17,0.17,3000000.0,1.7010270950094961,12.0,0.0065687263653448884,162.6982605121745,1.2000425293304704,5.5,-0.10983257030681233
naca4417,4,4,17,0.17,5000000.0,1.723823865646151,12.0,0.006216048633046471,172.09104746293698,1.209324532370585,5.5,-0.1097500287382291
naca4417,4,4,17,0.17,10000000.0,1.7454563989235223,12.0,0.0057598197829857875,174.75300978638677,1.2775832723533276,6.0,-0.10980324857867778
naca4417,4,4,17,0.17,17000000.0,1.7627710841972355,11.5,0.005505242359717303,171.7409368386361,1.4439552145331103,7.5,-0.10983462225807096
naca4418,4,4,18,0.18,1700000.0,1.6803905733515483,12.5,0.007240590806169253,142.13489748243634,1.2440148750547149,6.0,-0.1090677844887215
naca4418,4,4,18,0.18,3000000.0,1.7100569427783767,12.5,0.006765452076543125,159.03230750219777,1.1918835907075607,5.5,-0.10896066476200046
naca4418,4,4,18,0.18,5000000.0,1.7329612856266856,12.5,0.006323496411078863,168.73444581140288,1.260652925870196,6.0,-0.10900937966923119
naca4418,4,4,18,0.18,10000000.0,1.7596306609179941,12.0,0.005857881749678383,172.8928888995461,1.3300009429173147,6.5,-0.10918716348285
naca4418,4,4,18,0.18,17000000.0,1.7762136145627936,12.0,0.005596804896167032,170.64630131778836,1.281453721699345,6.0,-0.10923800818972096
naca4610,4,6,10,0.1,1700000.0,1.5377450425070127,9.0,0.004716701613131716,170.67957323320965,0.8346039813390983,1.5,-0.1619973821460343
naca4610,4,6,10,0.1,3000000.0,1.5641262861446625,9.0,0.0042597240640876765,168.87366364895493,0.7726053480267632,1.0,-0.16025608567031865
naca4610,4,6,10,0.1,5000000.0,1.5825439704174142,9.0,0.004115544417581763,154.56916669625224,0.7090654362815655,0.5,-0.1600893101951837
naca4610,4,6,10,0.1,10000000.0,1.6017859942182495,9.0,0.004104290154676028,152.66592735127296,1.3955368020514247,6.5,-0.1605347692069898
naca4610,4,6,10,0.1,17000000.0,1.6126826074374598,9.0,0.0041925505326997434,162.12183588113788,1.3489849833277177,6.0,-0.16069978956659642
naca4612,4,6,12,0.12,1700000.0,1.5620449737033828,9.5,0.005017559312550721,156.548067382306,0.8354621552384996,1.5,-0.16125641180890765
naca4612,4,6,12,0.12,3000000.0,1.5852493919132284,9.5,0.004572554417156662,154.3749679812171,0.774180275903723,1.0,-0.15996398414580545
naca4612,4,6,12,0.12,5000000.0,1.6031623562197437,9.5,0.004398333519454856,146.44557094779552,0.882572668277385,2.0,-0.16002811572039086
naca4612,4,6,12,0.12,10000000.0,1.6241063967523572,9.5,0.00437076936089771,149.66001661491163,1.3976257214793821,6.5,-0.16050393587883088
naca4612,4,6,12,0.12,17000000.0,1.6401906492581733,9.0,0.004466345104188704,161.29405113763184,1.4107262564426504,6.5,-0.16037768497535607
naca4614,4,6,14,0.14,1700000.0,1.6079564619149802,10.5,0.005360388690926407,141.28233075689585,0.8297887191489098,1.5,-0.15994946930676762
naca4614,4,6,14,0.14,3000000.0,1.6240613485574236,10.5,0.004908006659228595,141.93397659929573,0.9380339185511612,2.5,-0.15915912363737506
naca4614,4,6,14,0.14,5000000.0,1.6430191302041932,10.0,0.004689899823767572,143.8714872763189,0.9985839063584435,3.0,-0.15942459594846292
naca4614,4,6,14,0.14,10000000.0,1.6679838037805466,10.0,0.004645628026324435,148.52081124242892,1.0606135534906327,3.5,-0.15988435610508278
naca4614,4,6,14,0.14,17000000.0,1.684482054290157,10.0,0.004782786709318489,160.441751805785,1.4067697358730857,6.5,-0.15935126253300455
naca4615,4,6,15,0.15,1700000.0,1.6244767064996113,11.0,0.0055390012535935645,134.2777229583574,0.8782788742982037,2.0,-0.15940292412362547
naca4615,4,6,15,0.15,3000000.0,1.6432100162194958,10.5,0.005069209812764455,139.01825939218165,0.990749226666463,3.0,-0.15881290765583486
naca4615,4,6,15,0.15,5000000.0,1.6609766337353566,10.5,0.004840483395070615,142.89782201152207,1.0531779528858107,3.5,-0.15914448017137076
naca4615,4,6,15,0.15,10000000.0,1.6813078108176032,10.5,0.004782833023560394,148.94604026962983,1.1162151967071556,4.0,-0.15953542634554022
naca4615,4,6,15,0.15,17000000.0,1.7015424774344254,10.0,0.004921272860888873,158.14724622887974,1.4007714769390356,6.5,-0.15872538788961776
naca4616,4,6,16,0.16,1700000.0,1.6386522700234083,11.5,0.005721820787466521,128.4770356191001,1.0270917579304204,3.5,-0.1587804665544156
naca4616,4,6,16,0.16,3000000.0,1.6612280346601342,11.0,0.005229357326605799,136.10397310894746,1.0394818243934212,3.5,-0.15835263971736568
naca4616,4,6,16,0.16,5000000.0,1.6769847106569395,11.0,0.004988249551036815,141.45180040800082,1.1029741329018423,4.0,-0.15875573011500066
naca4616,4,6,16,0.16,10000000.0,1.7015631376050218,10.5,0.0049205296023452725,148.55442322841145,1.1137207556578124,4.0,-0.1590599357640921
naca4616,4,6,16,0.16,17000000.0,1.7200559201959515,10.5,0.005056720350836348,155.21468302903043,1.391814172485555,6.5,-0.1579633879946656
naca4617,4,6,17,0.17,1700000.0,1.6535124114637005,11.5,0.005898472931224376,123.79067733073231,1.0669787174870187,4.0,-0.1580912240709017
naca4617,4,6,17,0.17,3000000.0,1.6767727848490723,11.5,0.0053926877216069645,132.83697785474308,1.0833596642266812,4.0,-0.15776002425297303
naca4617,4,6,17,0.17,5000000.0,1.693292848531817,11.0,0.0051430912819936106,139.18225827387334,1.1472178717724417,4.5,-0.15822428157385934
naca4617,4,6,17,0.17,10000000.0,1.7201919807289254,11.0,0.005061565893504551,147.58805738460714,1.1613177122562384,4.5,-0.15842266998016938
naca4617,4,6,17,0.17,17000000.0,1.7364061281926009,11.0,0.005187382131643638,152.35751904307594,1.224590746821762,5.0,-0.15706623381632367
naca4618,4,6,18,0.18,1700000.0,1.6665649263225895,12.0,0.006081787141646137,119.11353003497179,1.0533673651393263,4.0,-0.15732704908842968
naca4618,4,6,18,0.18,3000000.0,1.690005519162231,12.0,0.005549508300388229,129.0497059332205,1.0716240921201567,4.0,-0.15702686380820555
naca4618,4,6,18,0.18,5000000.0,1.711282301806489,11.5,0.005292745823305555,136.28516105458525,1.1366456246868235,4.5,-0.15752487624722342
naca4618,4,6,18,0.18,10000000.0,1.736828740778215,11.5,0.005209227673815088,145.53535839531088,1.1525226003464257,4.5,-0.15758443693993304
naca4618,4,6,18,0.18,17000000.0,1.754081238100412,11.0,0.005319117374500959,151.02817033121167,1.163500527179789,4.5,-0.156037181958626
